{"content":[{"name":"game.projectc","size":4109,"pieces":[{"name":"game0.projectc","offset":0}]},{"name":"game.arci","size":7168,"pieces":[{"name":"game0.arci","offset":0}]},{"name":"game.arcd","size":5213232,"pieces":[{"name":"game0.arcd","offset":0},{"name":"game1.arcd","offset":2097152},{"name":"game2.arcd","offset":4194304}]},{"name":"game.dmanifest","size":7070,"pieces":[{"name":"game0.dmanifest","offset":0}]},{"name":"game.public.der","size":162,"pieces":[{"name":"game0.public.der","offset":0}]}],"total_size":5231741}